127612	U54785	11/12/2019 11:15:00 AM	N64826 N64777 N64877 N2794 N40508 N17092 N16292 N22397 N25158 N22161 N42128	N30920-0 N23936-0 N6929-0 N25315-0 N17571-0 N50688-0 N9139-0 N30518-0 N20134-0 N47981-0 N6066-0 N40839-0 N30088-0 N32789-0 N56243-0 N45551-0 N57426-0 N27560-0 N64044-0 N36532-0 N13974-0 N1644-0 N6975-0 N26376-0 N20755-0 N24176-0 N12744-0 N26673-0 N6008-0 N14184-0 N13981-0 N51285-0 N54666-0 N32544-0 N60105-0 N42634-0 N41020-0 N29430-0 N11138-0 N31370-0 N31978-0 N21741-0 N32182-0 N17069-0 N29468-0 N41220-0 N39537-0 N60272-0 N52180-0 N19075-0 N9719-0 N9734-0 N23942-0 N3344-0 N43368-0 N63390-0 N8349-0 N17896-0 N45389-0 N3123-0 N33844-0 N30475-0 N64152-0 N15654-0 N44422-0 N47412-0 N57754-0 N26262-1 N33677-0 N33425-0 N63970-0 N34998-0 N43102-0 N49180-0 N41826-1 N28413-0 N31029-0 N62386-0 N62360-0 N2823-0 N6056-0 N16096-0 N58363-0 N11856-0
29821	U16616	11/11/2019 6:28:00 PM	N54359 N55266 N16662 N11673 N5325 N3491	N16166-0 N2350-0 N54489-0 N25163-0 N23547-0 N36186-0 N57809-0 N31978-0 N60105-0 N24176-0 N11827-0 N22029-0 N42597-0 N25624-0 N4985-0 N25722-0 N16920-0 N64748-0 N58410-0 N38263-0 N32691-0 N42966-0 N51478-0 N23008-0 N46526-0 N65118-0 N12492-0 N52294-0 N6056-0 N41222-0 N62395-0 N6099-0 N21741-0 N27245-0 N25049-0 N11817-1 N46029-0 N14408-0 N11269-0 N57713-0 N16533-0 N42397-0 N2-0 N33848-0 N4936-0 N52773-0 N15283-0 N14400-0
32058	U928	11/9/2019 9:20:43 AM	N13929 N2028 N3501 N23571 N55846 N43749 N41324 N23628 N25889 N62006 N986 N20039 N13023 N42137 N48038 N27911 N20483 N8834 N5978 N45690 N61388 N24298 N28718 N21862 N47719 N43142 N21817 N50558 N38961 N61186 N19301 N44110 N63582 N23105 N50475 N19495 N22492 N56066 N28803 N49040	N41881-0 N60374-0 N24272-0 N5957-1 N58051-0 N43595-0 N5889-0 N58075-0 N27845-0 N59852-0 N41178-0 N3930-0 N5442-0 N732-0 N51398-0 N18870-0 N54838-0 N39115-0 N52000-0
96742	U59427	11/12/2019 7:22:47 AM	N52097 N33998 N26364 N3566	N52122-0 N7319-1
11766	U72999	11/9/2019 12:46:23 PM	N31801 N47127	N46966-0 N43595-0 N13580-0 N52000-0 N37088-0 N39267-0 N60186-0 N60374-0 N24272-1 N55645-0 N3128-0 N59852-0 N16209-0 N58051-0 N41178-0 N39115-0 N20824-0 N732-0 N5442-0 N27845-0 N3930-0 N18870-0 N39949-0 N27525-0
38053	U92766	11/12/2019 3:34:15 AM	N25241 N871 N42047 N30622 N30622 N21217 N57801 N52755 N51618 N19434 N63779 N45535	N24207-0 N47578-0 N20079-0 N36789-1 N28495-0 N453-0 N50675-0 N33619-0 N14184-0 N31947-0 N32544-0
111815	U43572	11/11/2019 8:38:07 PM	N5290 N58401 N28058 N4285 N25885 N38545 N52555	N10642-0 N58410-0 N14440-0 N42597-0 N61885-0 N54381-0 N55204-0 N38315-0 N44516-0 N34724-0 N54232-0 N26262-0 N30518-0 N43748-0 N59887-0 N57809-0 N36789-0 N14408-0 N51797-1 N50675-0
93137	U68829	11/11/2019 5:02:34 PM	N59742 N16233 N47525 N28088 N42128	N8191-0 N42597-0 N16920-0 N54489-0 N46526-0 N2350-0 N46029-1
15188	U43010	11/10/2019 10:27:45 PM	N50985 N55526 N54359 N16374 N63650 N9680 N2794 N19620 N60050 N19638 N40141 N44650 N60979 N17092 N58641 N58641 N56109 N35597 N64626 N14414 N35190 N40555 N50748 N16360 N14580 N28058 N64626 N31631 N30353 N59359 N63726 N37942 N43945 N41616 N35829 N46616 N27919 N38580 N43142 N41375 N60491 N2775 N23901 N12785 N24578 N10156 N4166 N27817 N28123 N53895 N46655 N64982 N56527 N48610 N9317 N50575 N32482 N5527 N10447 N53017 N30167 N62391 N3590 N53017	N29128-1 N36681-0 N26952-0 N17307-0 N43073-0 N56193-0 N52446-0 N11381-0 N28047-0 N47067-0 N40495-0 N31273-0 N64542-0 N23184-0 N48606-0 N49685-0 N50060-0
139913	U70869	11/11/2019 5:40:35 AM	N14662 N5227 N63650 N871 N32483 N4020 N13241 N29041 N51136 N15196 N50843 N43674 N46990 N36551 N26760 N54936 N24356 N26760 N1194 N45794 N9412 N46392 N16715 N9012 N31447 N24298 N16715 N18642 N34824 N30353 N45999 N31891 N28074 N31801 N11514 N22997 N48356 N19748 N45050 N45174 N27526 N15761 N32185 N18360 N51330 N14228 N35004 N15561 N19660 N14349 N48742 N28257 N65098	N5905-0 N15830-0 N54397-0 N29001-0 N43309-0 N33848-0 N56598-0 N4247-0 N39978-0 N26130-0 N3128-0 N11830-0 N11363-0 N56227-0 N35738-0 N26607-0 N37833-0 N25414-0 N32144-0 N5497-0 N28204-0 N9158-0 N57090-0 N4912-0 N36712-0 N35937-0 N27473-0 N26376-0 N43432-0 N40356-0 N18870-0 N20729-0 N9475-0 N53017-0 N5370-0 N56193-0 N23784-0 N56517-0 N48759-0 N4663-0 N62570-0 N38783-0 N3506-0 N27581-0 N22664-0 N13341-0 N1914-0 N12028-0 N63550-1 N53111-0 N61320-0 N15761-0 N6926-0 N54274-0 N43502-0 N32087-0 N62599-0 N28132-0 N33981-0 N50469-0 N35729-0 N28047-0 N53318-0 N1920-0 N13486-0 N36703-0
71554	U71619	11/12/2019 1:50:53 PM	N1150 N55846 N9808 N33683 N54496 N7606 N19809 N26618 N12987 N7747 N34287 N54878 N37349 N43213 N13249 N22627 N40442	N46607-1 N20678-0 N43266-0 N64851-0 N58363-0 N63970-0 N40839-0 N33261-0 N22339-0
52351	U82262	11/12/2019 7:26:07 AM	N55312 N19834 N31130 N39041 N20121 N50710 N64836	N34110-0 N32829-0 N41020-0 N10121-1 N52180-0 N58363-0 N63786-0 N27245-0 N32544-0 N7319-0 N49180-0 N56243-0 N646-0 N21741-0 N36789-0 N62360-1 N28188-0 N52122-0 N4985-0 N18406-0 N17389-0 N60105-0 N48473-0 N6056-0 N31947-0 N64152-0 N61408-0 N29715-0 N50675-0 N59713-0 N18685-0 N43519-0 N33619-0 N48046-0 N36050-0 N14184-0 N31978-0 N32010-0 N6099-0 N23547-0 N17342-0 N25867-0
9365	U61724	11/12/2019 10:34:40 AM	N1150 N40467 N56447 N6023 N15634 N17498 N25488 N1322 N10897 N55743 N31801 N20547 N62714 N13138 N45736 N42620 N45146 N64273 N35671 N37889 N15676	N42634-0 N54125-0 N32544-0 N41354-1 N24111-0 N41020-0 N64152-0 N62360-0 N33619-0 N7319-0 N38309-0 N63970-0 N3344-0 N62386-0 N13930-0 N31947-0 N16096-0 N23547-0 N36436-0 N23129-0 N3123-0 N49180-0 N17069-0 N40839-0 N33677-0 N45551-0 N64734-0 N58363-1 N17168-0 N32182-0
42768	U10167	11/12/2019 3:47:33 PM	N1150 N23119 N54698 N38298 N40106 N21019 N56514 N5978 N38923 N16715 N56775 N42620 N32498 N23958	N27560-0 N261-1 N17059-0 N20678-0
70739	U47691	11/12/2019 6:09:12 AM	N8422 N33276 N37942 N23249 N30512 N5663 N49942 N51053 N9120 N17990 N35022 N4593 N32312 N39374 N14947 N63411 N26509 N55743 N8448 N11882 N24578 N45954 N41633 N10414 N28349 N22222 N63180 N26544 N23105 N24578 N24578 N7898 N45741 N47120 N58232 N60622 N22852 N28088 N45314 N15476 N42620 N9056 N36530 N47479 N51089 N19161 N23106 N3 N22036 N41569 N11415 N17589 N90 N9056 N12358 N47686 N6102 N55911 N2696 N16239 N60702 N33013 N35793 N64515 N20002 N41244 N12732 N23431 N1985 N16043 N11020 N56011 N8555 N35671 N22617 N27583 N26319	N49180-1 N34110-0 N54666-1 N62395-0 N33619-0 N64152-0 N31978-0 N59713-0 N41020-0 N24207-0 N28188-0 N41220-0 N47578-0 N21656-0 N19241-0 N61463-0 N14184-0 N21741-0 N23547-0 N36789-0 N38263-0 N32544-0 N32691-0 N50675-0 N4985-0 N60105-0 N7319-0 N31947-0
48263	U22683	11/11/2019 11:27:24 AM	N63906 N63740 N44510 N4020 N20121 N642 N51706 N57582 N19809 N29451 N995 N64591 N18030 N26040 N30429 N60530 N49731 N38046 N35022 N16384 N54625 N14580 N28058 N9012 N64554 N6655 N62714 N47173 N306 N42620 N39376 N54536 N23784 N36424	N55689-1 N52622-0 N43502-0 N45270-0
120018	U28839	11/11/2019 9:57:38 AM	N24827 N4690 N61070 N51706 N44361 N61319 N49680 N45794 N40692 N306 N43142 N35710 N63688 N42620 N60611 N23901 N11231 N20525 N26364 N49475 N64631 N34564 N62738	N55689-1 N35729-0
80026	U20380	11/12/2019 5:02:34 AM	N4607 N39979	N962-0 N47578-0 N50675-0 N19423-0 N62395-0 N64152-0 N28188-0 N4985-0 N22457-0 N27079-0 N60105-0 N18708-0 N32829-0 N6099-0 N31947-0 N36789-0 N21519-0 N30088-0 N48046-0 N27245-0 N57535-1 N38337-0 N30135-0 N20041-0 N58003-0 N14184-0 N30475-0 N41992-0 N20079-0 N21-0 N34110-0 N24207-0 N56243-0 N33619-0 N27041-0 N31978-0 N20930-0 N59713-0
34940	U75021	11/11/2019 12:04:55 PM	N59496	N47067-1 N12523-0 N45270-0 N46845-0 N17106-0 N6099-0 N33872-0 N64482-0 N46751-0 N20018-0 N46134-0 N52622-0 N57713-0 N36621-0 N60272-0 N45660-0 N26286-0 N18708-0 N21707-0 N58003-0 N21882-0 N60872-0 N59277-0 N61359-0 N43338-0 N43415-0 N9271-0 N11301-0 N29001-1 N86-0 N16342-0 N45616-0 N59981-0 N43789-0 N33069-0 N53054-0 N6375-0 N33964-0 N25437-0 N45456-0 N35272-0 N1433-0 N30135-0 N57957-0 N22457-0 N32387-0 N20240-0 N54988-0 N4936-0 N60291-0 N7809-0 N53245-0 N7128-0 N3894-0 N46029-0 N15260-0 N43502-0 N12800-0 N47149-0 N52585-0 N64542-0 N12028-0 N32087-0 N48578-1 N21840-0 N8233-0 N55689-1 N40065-0 N52697-0 N30814-0 N26331-0 N56598-0 N57385-0 N49777-0 N42144-0 N44818-0 N10840-0 N55204-0 N40431-0 N2869-0 N21915-0 N29128-0 N15830-0 N58410-0 N24176-0 N8399-0 N33848-0 N26376-0 N20527-0 N15855-0 N10688-0 N49879-0 N41172-0 N15105-0 N64397-0 N57005-0 N6342-0 N8061-0 N20824-0
11198	U67455	11/13/2019 6:12:51 AM	N7432 N55829 N44798 N31457 N61864 N13142 N47356 N2968 N2030 N44894 N49997 N34316 N24002 N10404 N23571 N54377 N43123 N26050 N6004 N38152 N26002 N14343 N1195 N24724 N10860 N39624 N36209 N59894 N55189 N28467 N29965 N51741 N35259 N59894 N52946 N5672 N22169 N21771 N22867 N35758 N10235 N304 N50578 N52321 N53234 N16874 N25113 N17652 N19580 N33247 N14340 N61809 N6462 N44237 N25715 N64071 N52062 N28296 N61103 N48582 N20742 N8443 N36699 N19001 N14099 N43497 N47849 N56235 N9791 N62605 N18753 N38731 N56837 N29249 N44586 N47435 N37859 N54698 N9653 N18164 N56403 N47954 N5279 N53137 N23902 N65173 N48038 N19809 N56509 N6318 N54026 N56778 N39235 N60033 N52625 N30867 N64137 N56514 N754 N46573 N21019 N35450 N56630 N10347 N55003 N31274 N20916 N52995 N49379 N26017 N11597 N59183 N40555 N21247 N42726 N44396 N13132 N35494 N13139 N15033 N19658 N63170 N21177 N2185 N5855 N47768 N14984 N61388 N4255 N55043 N62545 N64977 N6087 N42470 N44086 N457 N13231 N6163 N7851 N19873 N38153 N13231 N40414 N59201 N47020 N30353 N4770 N13239 N12349 N26618 N46651 N21178 N20889 N29555 N22081 N6163 N48442 N51541 N36077 N57812 N62485 N18873 N49009 N38179 N30698 N38701 N14200 N41526 N57022 N18656 N7019 N29885 N63709 N30612 N23025 N44061 N44007 N37821 N7784 N56596 N4526 N59998 N10671 N54695 N35545 N18336 N45713 N28512 N15442 N30121 N18962 N42331 N12244 N21817 N42831 N17878 N42620 N48697 N7231 N28856 N56332 N48356 N42420 N56844 N6641 N24998 N21856 N11160 N55550 N29948 N40971 N47687 N61897 N3787 N24169 N392 N5283 N6057 N20199 N44070 N6659 N14761 N17161 N51588 N32035 N41080 N27243 N5999 N14334 N58335 N28375 N43189 N14376 N63161 N61355 N18587 N22734 N15333 N13592 N2912 N10814 N6785 N8258 N61803 N25306 N16816 N2479 N57479 N35004 N48112 N55714 N51983 N38660 N18870 N5104 N37509 N50036 N55802 N28445 N54714 N31143 N31688 N5527 N55743 N62781 N11154 N6289 N3629 N53037 N5560 N5379 N37746 N45543 N56469 N14807 N36253 N60291 N9836	N35233-1 N14592-1 N64734-0 N65230-0 N31869-0 N35847-0 N33240-0 N34876-0 N35112-0 N57426-0 N38159-0 N59673-0 N57987-0 N33885-1 N58813-1
40878	U2958	11/14/2019 11:18:07 AM	N20121 N4020 N40106 N28313 N10414 N31801 N28088 N16580 N61972 N8959 N48882 N64273	N1539-0 N62318-0 N53515-0 N6477-0 N29212-0 N17310-0 N23446-1 N50872-0 N38779-0 N45523-0 N35815-0 N34185-0
114739	U17840	11/13/2019 1:34:30 PM	N10938 N26642 N1603 N20483 N7422 N54149 N63411 N26026 N28123 N48715 N32498 N47615 N8148 N20575	N23547-0 N31050-0 N44290-0 N3841-0 N44958-0 N9354-0 N43386-0 N50601-0 N64632-0 N8084-0 N19444-0 N20576-0 N8559-0 N36638-0 N55281-0 N49483-0 N39187-0 N21701-0 N61027-0 N56214-0 N7121-0 N44249-0 N35047-0 N10913-0 N36249-0 N17759-0 N47149-0 N57426-1 N38211-0 N34048-0 N41165-0
121319	U93645	11/13/2019 5:54:04 PM	N62931 N36054 N36209 N29177 N20145 N33247 N38876 N31927 N42208 N55951 N54889 N32978 N53216 N15587 N12349 N61708 N62445 N54655 N56963 N47953 N63567 N13689 N36557 N14349 N39670 N48356 N40356 N21145 N723 N39112 N21846 N59143 N38488 N47196 N37377 N25785 N55645 N50135 N6868 N45428 N55897	N60550-1 N22417-0 N41612-0 N4404-0 N36016-0 N23547-0 N4510-0 N56548-0 N3841-0 N38080-0 N51287-0 N59138-0 N5415-0 N29517-0 N50601-0 N48064-0 N64252-0 N33831-0 N5652-0 N25444-0 N18862-0 N3957-0 N62894-0 N31893-0 N38215-0 N65028-0 N17117-0 N21420-0 N51553-0 N8509-0 N64305-0 N10746-0 N51195-0 N14029-0 N21297-0 N21036-0 N48705-0 N8559-0 N37793-0 N36261-0 N42457-0 N50004-0 N37437-0 N35273-0
102244	U57657	11/13/2019 5:41:09 PM	N37264 N1178 N941 N18747 N29368 N26618 N22495 N35123 N11155 N54955 N3410 N47706 N59998 N47020 N12157 N12576	N31027-0 N22417-0 N37437-0 N30920-0 N20356-1 N64252-0 N4404-0 N14029-0 N51287-1 N60550-0 N44257-0 N36261-0 N4642-0 N56214-0 N49483-0 N51048-0 N26376-0 N8509-0 N48705-0
72089	U56750	11/12/2019 1:21:42 PM	N36091 N62931 N29597 N61931 N29597 N5962 N13826 N45048 N63842 N29177 N47558 N59004 N55189 N19228 N44536 N8900 N9824 N35505 N60313 N46987 N11894 N47615 N32109 N13833 N7158 N47966 N64661 N22561 N8229 N53531 N30199 N20110 N52497 N46990 N6441 N2607 N7586 N52873 N63229 N28992 N10331 N50744 N45668 N3917 N41694 N1679 N6441 N4696 N63302 N31190 N23349 N60607 N23202 N21136 N47173 N8873 N38776 N3086 N14452 N16380 N28217 N39670 N10998 N1843 N14761 N39535 N1219 N20758 N20743 N27878 N31550 N17892 N41429 N40324 N37075	N19318-0 N11793-0 N24423-0 N43102-0 N39810-0 N30475-0 N27289-0 N11817-0 N6975-0 N22407-0 N15756-0 N2823-0 N22339-0 N2179-0 N63958-0 N34998-0 N17571-0 N23081-0 N44742-0 N51285-0 N32010-0 N21741-0 N29468-0 N46810-1 N11269-0 N21753-0 N36850-0 N14726-0 N47412-0 N33425-0 N43266-0 N60105-0 N33677-0 N52944-0 N51954-0 N22457-0 N60272-0 N27220-0 N38490-0 N14184-0 N18887-0 N57426-0 N40839-0 N45422-0 N59469-0 N58363-0 N28495-0 N52180-0 N6056-0 N926-0 N57754-0 N64152-0 N30089-0 N29715-0 N6066-0 N52094-0 N16096-0 N33009-0 N23942-0 N44786-0 N41354-0 N32182-0 N42634-0 N13979-0 N49180-0 N25624-0 N1940-0 N53084-0 N62386-0 N48410-0 N18708-0 N62360-0 N31370-0 N35738-0 N13974-0 N166-0 N63970-0 N38309-0 N1644-0 N58114-0 N1785-0 N34008-0 N54125-0 N30920-0 N45389-0 N33212-0 N56517-0 N9719-0 N3123-0 N61408-0 N41533-0 N41020-0 N3344-0 N20041-0 N27497-0 N32544-0 N34110-0 N9139-0 N1767-0 N5516-0
60329	U61228	11/9/2019 6:57:54 AM	N26136 N41375 N60702 N37091	N27845-0 N5889-0 N23784-0 N5442-1 N26159-0 N25467-0 N48015-0 N3930-0 N13486-0 N5957-0 N17087-0 N22664-0 N18870-0 N6926-0 N51185-0 N41178-0 N14522-0 N56396-0 N6268-0 N2389-0 N41881-0 N3894-0 N39587-1 N50389-0 N15855-0 N36964-0 N11821-0 N37108-0 N24272-0 N58075-0 N30295-0 N24104-0 N7813-0 N43595-0 N33347-0 N62762-0 N43001-0 N6399-1 N23760-0 N9617-0 N55582-0 N51223-0 N60374-0 N18708-0 N7128-1 N27143-0 N43370-0 N21428-0 N732-0 N55645-0 N26130-0 N43500-0 N20729-0 N50316-0 N28788-0 N11363-0 N32846-0 N55714-1 N39115-0 N43202-0 N52683-0 N47267-0 N349-0 N51398-0 N25764-0
14370	U19218	11/13/2019 8:28:01 AM		N23162-0 N50381-0 N1644-1 N19092-0 N13486-0 N42634-0 N59673-0 N4247-0 N287-0 N22880-0 N8509-0 N40387-0 N39010-0 N45266-0 N62920-0 N47717-0 N11363-0 N34048-0 N29468-0 N9623-0 N15719-0 N34876-0 N22031-0 N26262-0 N33831-0 N35047-0 N18837-0 N56227-0 N50415-0 N35170-0 N57426-0 N31448-0 N53470-0 N60992-0 N17843-0 N59385-0 N45742-0 N51048-0 N24168-0 N4754-0 N41172-0 N4428-0 N13907-0 N5196-0 N54274-0 N41511-0 N36638-0 N61027-0 N19592-0 N11769-0 N36660-0 N20746-0 N36933-0 N4913-0 N64109-0 N64968-0 N22417-0 N37753-0 N14029-0 N62128-0 N47061-0
32433	U26610	11/12/2019 6:15:31 AM	N55743 N306 N7019 N14761 N22260	N33619-0 N50675-0 N49180-0 N7319-1
55638	U47779	11/13/2019 1:24:43 PM	N46330 N30269 N35009 N63276 N15607 N47090 N9803 N56148 N10617 N10679 N32313 N48076 N306 N42528 N28679 N28088 N28088 N48356 N42137 N14761 N27631 N54347 N53195 N44457 N32004 N60121 N7844 N60702 N7844 N35671 N33666 N44805 N34520	N4510-0 N51048-0 N59385-0 N5146-0 N23162-0 N26081-0 N48663-0 N8643-0 N17117-0 N4642-0 N22417-0 N8347-0 N50381-0 N50601-0 N35958-0 N30035-1 N56214-0 N15719-0 N50415-0 N35767-0 N29468-0 N7618-0 N13907-0 N63796-0 N41380-0 N61032-0 N38215-0 N53861-0 N20576-0 N21128-0 N27789-0 N36660-0 N50014-0 N58114-0 N8509-0 N21420-0 N28496-0 N40387-0 N34048-0 N27540-0 N45266-0 N47061-0 N24581-0 N9623-0 N36624-0 N6787-0 N36261-0 N41172-0 N32118-0 N26262-0 N63255-0 N11769-0 N20746-0 N22457-0 N26376-0 N7462-0 N14029-0 N36638-0 N56227-0
138244	U76704	11/10/2019 8:57:33 AM	N28691 N38923 N4526 N14826 N14522 N28257 N30131	N21882-0 N49279-1 N56051-0 N15160-0 N61022-0 N64513-0
86208	U51421	11/12/2019 2:00:15 PM	N53234 N61319 N15253 N61478 N39511 N8331 N41375 N11405 N14452 N43142 N35710 N47687 N60611 N2018 N55597 N21317 N22471 N46811	N64851-0 N58363-0 N20678-0 N40839-0 N63970-1 N46607-0 N12493-0
147702	U75235	11/13/2019 3:39:40 AM	N44819 N50155 N37942 N9412 N57812 N55743 N619 N306 N19429 N46846 N50710 N37509	N52723-0 N42143-0 N1289-0 N13579-0 N59469-0 N38159-0 N36659-0 N59272-0 N64734-0 N22230-0 N62208-0 N33885-0 N42977-0 N45266-0 N15279-0 N47061-0 N48063-0 N38550-0 N17059-0 N43386-0 N14592-0 N60992-0 N35170-0 N28213-0 N49548-0 N19592-1 N37905-0
86158	U18563	11/12/2019 6:06:49 AM	N24298 N8448 N42620 N47479	N24207-0 N20041-0 N7319-0 N11363-0 N14184-0 N32544-0 N31978-0 N47578-0 N41020-1 N25611-0 N49180-0 N33619-0 N31947-0 N4985-0 N57535-0 N60105-0 N50675-0 N28188-0 N36789-0 N62395-0
102886	U40150	11/14/2019 5:26:53 PM	N2028 N29177 N8912 N44495 N9120 N36530 N53422 N27526 N53049 N61880	N61233-0 N41934-0 N48487-1 N56211-0
31458	U31757	11/13/2019 8:28:24 AM	N64626 N17070 N13416 N64525 N54287	N13907-0 N6857-0 N64734-0 N38138-0 N36624-0 N26262-0 N45590-0 N35170-0 N14592-0 N55132-0 N51048-0 N41172-0 N35047-0 N7202-0 N36351-0 N42143-0 N31448-0 N16291-0 N52102-0 N12839-0 N3745-0 N56227-0 N48063-0 N25881-0 N29801-0 N59673-0 N18312-0 N51853-0 N18887-0 N57426-0 N33-0 N5146-0 N38159-0 N36659-0 N52409-0 N28213-0 N37753-0 N43386-0 N9349-0 N5048-0 N61023-0 N60992-0 N5364-0 N34876-0 N41113-0 N4754-0 N10674-0 N24865-0 N43102-1 N61571-0 N59088-0 N46279-0 N12377-0 N23081-0 N4428-0 N16502-0 N59272-0 N25444-0 N45266-0 N62128-0 N47717-0 N21216-0 N35233-0 N39187-0 N62894-0 N287-0 N40468-0 N47061-0 N19444-0 N41122-0 N19592-0 N55281-0 N61027-0
51436	U65109	11/12/2019 12:47:45 PM	N61704 N51637 N16715 N9803 N31801 N306 N52050 N19845 N29857	N34998-0 N63970-0 N34110-0 N55606-0 N41354-0 N6975-0 N23081-0 N8476-1 N31978-0 N25088-0 N42634-0 N44742-0 N3123-0 N36850-0 N29468-0 N19318-0 N62386-0 N22339-0 N43266-0 N54125-0 N55950-0 N20015-0 N57754-0 N44422-0 N22407-0 N33212-0 N27289-0 N32182-0 N64851-0 N28943-0 N19270-0 N166-0 N50619-0 N28495-0 N3344-0 N43102-0 N59469-0 N40839-0 N33883-0 N60272-0 N15315-0 N58363-0 N31029-0 N41020-0 N65167-0 N23547-0 N24225-0 N12424-0 N48077-0 N40468-0 N31395-0 N8400-0 N38490-0 N32544-0 N49180-0 N11817-0 N5235-0 N62360-0 N16314-0 N33755-0 N16096-0 N19075-0 N64152-0
9153	U25761	11/12/2019 10:04:12 AM	N871 N50182 N2705 N5978 N4255 N57318 N62058	N54666-0 N12028-0 N22457-0 N6099-0 N60772-0 N21036-0 N55606-0 N44422-0 N7319-0 N29155-0 N47006-0 N61760-0 N38263-0 N39537-0 N47114-0 N32890-0 N20043-0 N54125-0 N26376-0 N33619-0 N29715-0 N22825-0 N39461-0 N61497-0 N29128-0 N9139-0 N49956-0 N34657-0 N11138-0 N62360-0 N3344-0 N42449-0 N63154-0 N13263-0 N35738-0 N13981-0 N10413-0 N41220-0 N23563-0 N6056-0 N34998-0 N15315-0 N2823-0 N13974-0 N43368-0 N57327-0 N28414-0 N35131-0 N56243-0 N57814-0 N41578-0 N31978-0 N47981-0 N19423-0 N5688-0 N32182-0 N57754-0 N23547-0 N48473-0 N49180-0 N57713-0 N30870-0 N31035-0 N40839-0 N60272-0 N61274-0 N46810-0 N32789-0 N19241-0 N55309-0 N24176-0 N52180-0 N40468-0 N16166-0 N3123-0 N60105-0 N1644-0 N9719-0 N60445-0 N36532-0 N23081-0 N17896-0 N61408-0 N64152-0 N33425-0 N57319-0 N21741-0 N34400-0 N20240-0 N23129-0 N10840-0 N32806-0 N34977-0 N57426-0 N3506-0 N41354-0 N39317-0 N47412-0 N58363-1 N42634-0 N20041-0 N10532-0 N17069-0 N32544-0 N4936-0 N16096-0 N25163-0 N3748-0 N17821-0 N21656-0 N32691-0 N62386-0 N11768-0 N51633-0 N63970-0 N31947-0 N36049-0 N11817-0 N34956-0 N20811-0 N51607-0 N962-0 N21342-0 N834-0 N24111-0 N27037-0 N37115-0 N47631-0 N8349-0 N357-0 N19318-0 N64734-0 N15881-0 N19075-0 N43102-0 N28585-0 N45389-0 N17571-0 N30088-0 N15665-0 N23414-0 N41020-0 N18377-0 N45551-0 N926-0 N33677-0 N26415-0
109841	U86724	11/13/2019 2:15:57 PM	N17933 N29597 N11071 N21337 N1633 N27448 N54835 N45549 N13304 N60209 N28467 N54095 N3046 N6511 N29911 N63276 N4830 N18259 N46039 N6233 N4259 N51706 N56514 N26760 N18366 N61005 N60000 N22561 N40704 N46392 N44396 N32312 N39374 N10897 N65055 N53880 N50748 N54101 N25670 N63003 N63492 N8667 N57967 N24689 N13866 N14984 N63411 N45994 N41616 N57162 N1470 N26618 N52176 N52257 N63656 N61267 N18285 N28074 N54842 N619 N44007 N2606 N33096 N62846 N34981 N4702 N28088 N61661 N13138 N60611 N22997 N2142 N46267 N49400 N52810 N38256 N47020 N52551 N8258 N4607 N63761 N55911 N12576	N26262-0 N51287-0 N37437-0 N33885-0 N57426-0 N58114-0 N59685-0 N61623-0 N14029-0 N13907-0 N56214-0 N38215-0 N34048-1 N41612-0 N7618-0 N51006-0 N17117-0 N50014-0 N48920-0 N4754-0 N23134-0 N63656-0 N37753-0 N38695-0 N43301-0 N50415-0 N27789-0 N61032-0 N35273-0 N51048-0 N36221-0 N47061-0 N4642-0 N11769-0 N59088-0 N30035-0 N28523-0 N28899-0
10801	U63554	11/14/2019 6:47:28 AM	N24172 N41229 N29177 N63015 N6056 N49944 N61984 N31900 N56586 N231 N56037 N62931 N47069 N41448 N52828 N12375 N44751 N49088 N55108 N48044 N51112 N11767 N13180 N10059 N25113 N62620 N60844 N14644 N872 N43369 N28131 N19580 N872 N46091 N44559 N32202 N34669 N30303 N36526 N56446 N28296 N36236 N6290 N64606 N15423 N56447 N54959 N60350 N15634 N51566 N35415 N41344 N5558 N40467 N53100 N38876 N9653 N41840 N15848 N17337 N8422 N17498 N35176 N46868 N44402 N6156 N8431 N46865 N43955 N12859 N34419 N59289 N3124 N64661 N25732 N13750 N44954 N5667 N8978 N18275 N15848 N9120 N59704 N3395 N1258 N44230 N43462 N25070 N63513 N23249 N56121 N61623 N47232 N49944 N13925 N17968 N28724 N63726 N50726 N36306 N33063 N12676 N61388 N23949 N63411 N14984 N46372 N45093 N787 N6163 N43924 N19594 N21476 N40467 N7508 N35098 N8448 N54453 N5559 N10053 N8952 N6484 N59731 N52536 N26504 N60625 N24591 N63272 N29867 N63272 N39778 N62263 N48545 N4693 N47309 N27150 N16344 N11323 N22222 N52420 N4190 N23539 N36557 N21503 N54655 N23035 N3086 N14901 N60622 N47308 N14349 N63971 N12306 N22354 N35255 N54522 N17161 N13117 N34455 N64482 N44110 N2018 N42620 N30765 N2782 N5667 N40207 N13140 N26880 N47277 N19845 N2511 N60228 N30144 N30924 N20743 N60028 N13337 N20397 N90 N18870 N37394 N34865 N42362 N16812 N16344 N58332 N56665 N41651 N11629 N46846 N37663 N48742 N2003 N24429 N41400 N28213 N57726 N62853 N42416 N55743 N52921 N53095 N62095 N34820 N12430 N8519 N49662 N34930 N22617 N33981 N27528 N54752	N27101-0 N50107-0 N39683-0 N41165-0 N43460-0 N64721-0 N23877-0 N41122-0 N36186-0 N62750-0 N62992-0 N41285-0 N6390-0 N4404-0 N61623-0 N28072-0 N7901-0 N16844-0 N5652-0 N40109-0 N46821-0 N47151-0 N23590-0 N62227-0 N47576-0 N14436-0 N26262-0 N4156-0 N30920-0 N6056-0 N38442-0 N31893-0 N45428-0 N47346-0 N3894-0 N61404-0 N50619-0 N43275-0 N31395-0 N38779-0 N51570-0 N55949-0 N36226-0 N3841-0 N25163-0 N45509-0 N25165-0 N29801-0 N8015-0 N62563-0 N36689-0 N3745-0 N8260-1 N23547-0 N33630-0 N11940-0 N50601-0 N33576-0 N23370-0 N48875-0 N37793-0 N61483-0 N13337-0 N496-0 N9621-1 N4754-0 N64632-0 N61541-0 N3726-0 N22029-0 N7618-0 N55275-0 N23446-1 N62003-0 N59138-0 N60186-0 N36016-0 N48017-0 N49712-1 N23008-0 N5048-0 N16096-0 N15719-0 N33831-0 N42457-0 N50014-0 N64543-0 N16419-0 N60272-0 N59186-0 N56300-0 N59495-0 N38869-0 N64174-0 N21128-0 N40210-0 N58814-0 N29739-0 N46279-0 N51954-1 N10960-0 N23814-0 N7328-0 N8907-0 N32567-0 N16790-0 N59407-0 N62894-0 N39446-0 N39109-0 N59761-0 N50592-1 N45317-0 N18862-0 N6787-0 N3737-0 N58086-0 N50872-0 N18522-0 N11269-0 N23824-0 N64412-0 N46810-0 N61571-0 N48077-0 N39399-0 N60550-0 N37854-0 N61811-0 N6664-0 N20793-0 N38490-0 N4021-0 N64228-0 N44249-0 N56711-0 N31679-0 N16148-0 N54752-0 N8639-1 N3167-0 N47098-0 N39949-0 N12627-0 N19019-0 N23805-0 N38080-0 N52294-0 N63174-0 N33005-0 N37636-0 N32031-0 N46923-0 N6566-0 N10552-0 N38215-0 N61296-0 N19318-0 N18132-0 N8595-0 N41612-0 N29536-0 N43587-0 N16439-0 N48416-0 N58569-0 N36003-0 N59385-0 N11817-0 N55555-0
152520	U75715	11/11/2019 8:11:42 AM	N56663 N36526 N63999 N58943 N27644 N52416 N60388 N55743 N7853 N32310 N61813 N32555 N62344 N57187	N63550-0 N35729-0 N154-1 N32791-0 N13801-0 N61214-0 N40318-0 N63538-0 N59981-0 N42961-0 N27581-0 N55689-0
76859	U21255	11/13/2019 1:56:37 PM	N41025 N41997 N18900 N25828 N343 N4607 N42781	N4510-0 N35273-0 N36261-0 N47061-0 N36221-0 N17117-0 N38215-0 N14029-0 N37437-0 N51048-0 N13907-0 N8509-0 N7618-0 N56214-1 N34048-0
103992	U21959	11/11/2019 7:05:59 AM	N47090 N46909 N13330 N55743 N55599 N32852 N64845 N47508 N60702 N18870 N11484 N12199	N13801-0 N35937-0 N55689-0 N27581-0 N63538-0 N33848-0 N45076-0 N15830-0 N61214-0 N63550-0 N49279-0 N35729-0 N32437-0 N50791-0 N50469-0 N12042-0 N53318-0 N6693-0 N1914-0 N65236-0 N62570-0 N54300-1 N56193-0 N4912-0 N48759-0 N57090-0 N18870-0
133150	U38812	11/11/2019 7:51:24 AM	N42458 N19591 N42458 N46984 N21459 N63429 N5011 N20788 N31335 N10843 N42620 N32748 N32194 N43195	N13801-0 N35729-0 N56193-0 N32791-0 N63538-0 N40318-0 N61214-0 N53318-1 N63550-0 N154-0 N48759-0 N55689-1 N27581-0 N42961-0 N4912-0 N18870-0 N33848-0 N35937-0 N59981-0
15138	U90792	11/13/2019 11:29:37 AM	N29177 N1431 N38118 N9808 N871 N16233 N9824 N61319 N15655 N24356 N26760 N46392 N37003 N34069 N37390 N6616 N60923 N60702	N11869-0 N36660-0 N31869-0 N37753-0 N34876-0 N53470-0 N43415-0 N287-0 N29340-0 N61032-0 N15719-0 N36638-0 N8084-0 N59385-0 N63656-0 N59088-0 N27198-0 N35767-0 N58813-0 N22417-0 N39010-0 N8509-0 N20428-0 N14029-0 N40387-0 N37609-0 N24376-0 N23162-0 N21420-0 N41511-0 N64968-0 N4807-0 N4913-0 N50793-0 N11769-0 N1352-0 N37774-0 N47061-0 N13907-0 N50415-0 N35047-0 N36659-0 N26025-0 N55682-0 N33831-0 N55132-0 N4754-0 N26262-0 N34048-0 N14592-0 N39187-0 N63106-0 N57713-0 N37185-0 N62049-0 N53861-0 N8347-0 N2046-0 N3123-0 N18887-0 N45442-0 N24157-0 N34612-0 N19592-1 N21701-0 N51048-0 N18573-0 N50601-0 N52502-0 N22457-0 N13471-0 N59673-0 N15279-0 N17117-0
47132	U40606	11/14/2019 4:41:57 AM	N60184 N3045 N11727 N12894 N63725 N30612 N12215 N34152 N65043 N57754 N52050 N49475 N37509	N59277-0 N6816-0 N45742-0 N62750-0 N4021-0 N23877-0 N45509-1 N8791-0 N25324-0 N13094-0 N63174-0 N47346-0 N5009-0 N60550-0 N51570-1 N18522-0 N62894-0 N32854-0 N11257-0 N60272-0 N38215-0 N62805-0 N14436-0 N13337-0 N43301-0 N35387-0 N36016-0 N43487-0 N8559-0 N46801-0 N50014-0 N39446-0 N65049-0 N53875-0 N12627-0 N23864-0 N59138-0 N25315-0 N3894-0 N26673-0 N16291-0 N50029-0 N36226-0 N3167-0 N31893-0 N44249-0 N61787-0 N64174-0 N36933-0 N61483-0 N31406-0 N47290-0 N9135-0 N55555-0 N31679-0 N56711-0 N55275-0 N51552-0 N12162-0 N27055-0 N20770-0 N30071-0 N40559-0 N19867-0 N1020-0 N58171-0 N7618-0 N45428-0 N34915-0 N51975-0 N5358-0 N31031-0 N19776-0 N27869-0 N45734-1 N58814-0 N10754-0 N26812-0 N38442-0 N17031-0 N30089-0 N40109-0 N38080-0 N29739-0 N25124-0 N46396-0 N59194-0 N8595-0 N9621-0 N5652-0 N50872-0 N34600-0 N11940-0 N22417-0 N26944-0 N8012-0 N9623-0 N27540-0 N59214-0 N9009-0 N16777-0 N5146-0 N47098-0 N21030-0 N8015-0 N26081-0 N41122-0 N63342-0 N49712-0 N6566-0 N25040-0 N7121-1 N14929-0 N7670-0 N16419-0 N64412-0 N6216-0 N62003-0 N47151-0 N43275-0 N31448-0 N58660-0 N42457-0 N48017-0 N496-0 N28767-0 N36401-0 N47721-0 N27638-0 N8029-0 N3957-0 N23749-0 N12124-0
23668	U31051	11/10/2019 1:12:01 PM	N31549 N26272 N54627 N860 N47180 N29358 N13081 N63883 N65088	N13575-0 N30814-0 N24176-0 N49279-0 N51718-0 N28862-0 N59390-0 N38783-0 N5288-0 N57614-0 N61145-0 N26130-0 N61022-0 N29003-0 N48657-0 N3339-0 N33981-0 N5043-1 N55489-0 N43309-0 N60128-0 N44651-0 N36545-0 N18613-0 N12523-0 N32240-0 N47889-0 N46878-0 N63478-0 N15224-0 N53245-0 N34520-0 N30619-0 N41220-0 N14520-0 N15855-0 N51330-0 N26706-0 N23184-0 N28773-0 N45561-0 N46666-0 N29128-0 N29341-0 N61185-0 N57527-0 N35738-0 N57368-0 N14780-0 N49879-0 N50005-0 N350-0 N60858-0 N37925-0 N209-0 N64513-0 N25546-0 N48578-0 N10754-0 N23548-0 N11830-0
36381	U66581	11/11/2019 9:59:47 AM	N43807 N53052 N20792 N9226 N37915 N60033 N37811 N17050 N13057 N47175 N55743 N33096 N42620 N48356 N32498 N12732 N63062 N48742 N31996 N29857 N27583	N59981-0 N52622-0 N21707-0 N55689-0 N59436-0 N32791-0 N35729-0 N7809-1 N42961-0 N13801-0 N6099-0
96893	U48192	11/14/2019 12:32:09 PM	N10347 N45794 N34920 N35022 N32312 N4960 N250 N54827 N6655	N48613-0 N50058-0 N62318-0 N36226-0 N19661-0 N37204-0 N44698-0 N58848-0 N53515-0 N32015-0 N18151-0 N3243-0 N32207-0 N64543-0 N28918-0 N28072-0 N19318-0 N6837-0 N42457-0 N57081-0 N58264-0 N41122-0 N16439-0 N61623-0 N62894-0 N23877-0 N8373-0 N34185-0 N8595-0 N39015-0 N34436-0 N32641-0 N22690-0 N16148-0 N47572-0 N9621-0 N55275-0 N43277-0 N38442-0 N13005-0 N57032-0 N44249-0 N28281-0 N20793-0 N50872-0 N29212-0 N60799-1 N38779-0 N9047-0 N4021-0 N4156-0 N35773-0 N62750-0 N5146-0 N38215-0 N9944-0 N41387-0 N27063-0 N11542-0 N6388-0 N61296-0 N23446-0 N35389-0 N45509-0 N25605-0 N1539-0 N18529-0 N39432-0 N34600-0 N57818-0 N54274-0 N45523-0 N34668-0 N14056-0 N58569-0 N10960-0 N3415-0 N3841-0 N22257-0 N57733-0 N59267-0 N6477-0 N36612-0 N5364-0 N25165-0 N17115-0 N39683-0 N62992-0 N24109-0 N64305-0
116026	U34905	11/12/2019 1:04:50 PM		N1785-0 N23008-0 N62360-0 N62386-0 N40839-0 N16725-0 N64851-0 N16096-0 N34998-0 N62563-0 N3344-0 N32182-0 N33212-0 N57754-0 N6953-0 N22339-0 N49180-0 N55309-0 N41020-0 N63958-0 N31029-0 N42634-0 N58363-0 N32544-0 N7328-0 N64152-1 N63970-0 N6975-0 N20811-0
114188	U75552	11/11/2019 7:10:43 AM	N52097 N33513 N42127 N17518 N11071 N27448 N45729 N13304 N45729 N58957 N39041 N4121 N41573 N24073 N38974 N39960 N871 N44559 N26642 N32585 N16369 N46978 N45255 N64071 N65123 N59177 N56446 N32483 N6233 N12907 N6233 N28296 N38668 N138 N4020 N13480 N7810 N34627 N59762 N57519 N34328 N44399 N16290 N20569 N24691 N51136 N54416 N18094 N39235 N23689 N59704 N501 N37811 N46023 N33210 N22397 N28139 N25670 N23949 N28992 N24689 N45540 N10617 N45999 N637 N29358 N31801 N63436 N1322 N18285 N63180 N11005 N63889 N306 N62501 N24578 N47719 N47719 N47054 N13138 N138 N30701 N50456 N16380 N42620 N36530 N37748 N61126 N22997 N31802 N20342 N6342 N14349	N52203-0 N56193-0 N36712-0 N13801-0 N63550-0 N63538-0 N48759-0 N18870-0 N55689-0 N45561-0 N53318-0 N47035-0 N26179-0 N61214-0 N32437-0 N62570-0 N35729-0 N27581-0 N15855-0 N45076-1 N6693-0 N65236-0 N8061-0 N35937-0 N57090-0 N62093-0 N50302-0 N4912-0 N33848-0 N5370-0 N50469-0
50380	U10389	11/12/2019 11:48:12 PM	N60646 N52062 N20039 N22150 N20722 N58283 N39374 N40555 N48913 N32640 N26176 N306 N29420 N24409 N39670 N6831 N1429 N41139 N22260 N60702 N40509 N24023 N15676	N24898-0 N36659-0 N59170-0 N39360-0 N54393-0 N12029-0 N39317-0 N11087-0 N48077-0 N64152-0 N17059-0 N29822-0 N13579-0 N52723-1 N7821-0 N33885-0 N42977-0
147618	U57036	11/9/2019 8:49:14 AM	N44399 N15029 N59026 N30867 N28538 N61864 N35022 N30163 N57318 N13374 N37857 N25677 N30698 N10376 N36551 N39511 N42057 N63094 N60607 N29279 N619 N36308 N3264 N20758 N59118 N59517 N9074 N31731 N58006	N58075-0 N5442-0 N43595-0 N47401-0 N60374-0 N51398-0 N18870-0 N5889-0 N6926-0 N55645-0 N41881-0 N22324-0 N27845-0 N41178-0 N5957-0 N58051-0 N35854-0 N35305-1 N39115-0 N25764-0 N16209-0 N52000-0 N24272-0 N3930-0 N732-0
15134	U57503	11/14/2019 3:59:50 AM	N49478 N28244 N58267 N54377 N45665 N8548 N54359 N23979 N16111 N848 N3560 N36488 N63054 N18094 N39235 N49289 N60000 N13137 N37942 N45794 N33976 N9721 N30429 N4873 N25300 N45191 N61388 N30765 N18873 N7818 N59858 N57109 N20592 N55576 N48124 N13231 N58955 N51618 N20613 N47555 N11116 N33034 N44310 N48120 N13239 N13833 N60625 N52652 N55266 N39846 N60585 N32907 N34069 N41797 N21895 N3045 N19211 N25168 N43142 N62501 N52533 N41651 N42267 N31064 N32991 N52314 N46865 N48699 N19613 N1127 N49475 N18766	N55555-0 N17482-0 N31679-0 N45509-1 N16291-0 N48017-0 N33831-0 N28767-0 N18553-0 N7618-0 N7121-0 N61787-0 N11817-1 N59214-0 N63748-0 N5364-0 N58814-0 N1012-0 N16844-0 N64632-0 N43487-0 N3167-0 N23814-0 N49712-0 N46801-0 N37348-0 N38138-0 N50872-0 N51552-0 N31763-0 N26081-0 N7670-0 N53875-0 N8595-0 N13131-0 N47098-0 N29739-0 N5652-0 N29133-0 N58345-0 N55281-0 N10960-0 N40559-0 N64174-0 N8015-0 N41726-0 N23877-0 N21701-0 N35387-0 N23749-0 N9623-0
56611	U80238	11/9/2019 3:39:50 PM	N23203 N42208 N37414 N10078 N41997 N7203 N35415 N56403 N57463 N41070 N62058 N33981 N21342	N53017-0 N22816-1 N43595-1 N47020-0 N57368-0 N18870-0 N57527-0 N732-0 N41881-0 N39949-0 N5442-0 N3930-0 N51398-0
36432	U66315	11/12/2019 4:49:30 PM	N22279 N55148 N17401 N16344 N58309 N38963 N60615 N42989 N27448 N10575 N38523 N2234 N57737 N19594 N1998 N7242 N57886 N20699 N27644 N41226 N64591 N46990 N48736 N57742 N36618 N35519 N44402 N54305 N13137 N53767 N24352 N64800 N32939 N57551 N19709 N1944 N228 N42137 N2923 N46392 N33506 N51692 N27311 N56121 N54827 N47783 N11727 N25532 N61561 N53659 N63123 N38923 N9743 N19079 N33132 N64655 N59429 N24492 N23916 N6484 N57318 N31709 N63302 N24591 N31801 N18285 N26815 N306 N45199 N52420 N36557 N60622 N14586 N33810 N32310 N2606 N46329 N38293 N25885 N34974 N42252 N11415 N39777 N60193 N23864 N20743 N27526 N21615 N13206 N20619 N44457 N13429 N11231 N9360 N17292 N61664 N16922 N19660 N9360 N50 N2696 N12254 N48103 N16344 N24514 N43955 N22816 N313 N15855	N59277-0 N33885-0 N55132-0 N12731-0 N27289-0 N10123-1 N7121-0 N20495-0 N31978-0 N36516-0 N26673-0 N17759-0 N3123-1 N51808-0 N6056-1 N18312-0 N60802-0 N29961-0 N20678-0 N58241-0 N20915-0 N15506-0 N23942-0 N2169-0 N42977-0 N60932-0 N62920-0 N50389-0 N25124-0 N3663-0 N37058-0 N17059-0 N14726-0 N38512-0 N33261-0 N55065-0 N2823-0 N41533-0 N9392-0 N6890-0 N46279-0 N13974-0 N48019-0 N64851-0 N17031-0 N7419-0 N53084-0 N18887-0 N32589-0 N37320-0 N14592-0
105908	U83989	11/12/2019 6:28:03 PM	N459 N64920 N16233 N28811 N6233 N28296 N28081 N15634 N12728 N32402 N18094 N30867 N30765 N41197 N24606 N10414 N19347 N31111 N11930 N14742 N51705 N50372 N22674	N42977-0 N12029-1
62072	U67980	11/11/2019 2:19:00 AM	N29177 N20145 N53987 N41899 N37942 N60669 N47993 N48276 N26500 N7187 N52382 N23105 N28299	N46972-0 N25414-0 N27581-0 N49685-0 N48759-0 N18870-0 N62729-0 N31273-1 N14531-0 N35729-0 N56193-0 N37870-0
41314	U74064	11/11/2019 11:19:53 AM	N3500 N55189 N16233 N50578 N51706 N33276 N54936 N18366 N43955 N46392 N37811 N35022 N54793 N26026 N20547 N1843 N14761 N59870 N28123 N18870 N10470 N3727	N55689-0 N53585-1
59732	U38009	11/13/2019 10:38:10 AM	N38556 N64367 N54659 N22279 N20263 N58776 N15619 N27059 N21777 N51483 N21746 N36669 N26924 N29177 N20044 N6956 N19144 N3046 N21623 N38118 N26633 N871 N61070 N33247 N57737 N32483 N4020 N7046 N39235 N40060 N31801 N28088 N13935 N42137 N13138 N64474 N3264 N29358 N60671 N11804 N32748 N42128 N16812 N51376 N12254 N4607 N63034 N33548 N53043 N16043 N43043 N57005 N9457 N22549 N36453 N17340 N15855 N1019	N39010-1 N51048-0
144823	U8279	11/11/2019 2:24:37 PM	N59621 N6956 N56586 N58282 N29911 N59469 N941 N33969 N3046 N836 N7004 N3560 N40977 N46513 N4868 N19823 N24298 N47020 N19347 N30121 N11005 N31801 N17542 N23403 N46229 N63688 N9056 N19495 N53049 N44867 N37509 N28257	N33964-0 N39765-0 N53585-0 N40725-1 N22221-0 N2350-0 N43502-0 N52622-0 N13930-0 N30998-0 N38662-0 N55689-0 N57957-0 N55204-0 N63538-0 N23414-0 N19542-0 N42961-0
67032	U68125	11/13/2019 3:32:04 AM		N24457-1 N19592-0 N3506-0 N7112-0 N36659-0 N45266-0 N35170-0 N52723-0 N37905-0 N33885-0 N39949-0 N14592-0 N19444-0 N1680-0 N33240-0 N28413-0 N47061-0 N1289-0 N22230-0 N26262-0 N42977-1 N35738-0 N28931-0 N15279-0 N13579-0 N36184-0 N38788-0 N1531-0 N17059-0 N14726-0 N7328-0 N28213-0 N64734-0 N59272-0 N48063-0 N60992-0
106697	U78702	11/12/2019 8:21:10 AM	N29177 N42989 N53832 N55189 N16987 N19048 N3483 N9165 N3483 N30757 N49469 N6233 N32089 N48582 N46392 N32117 N51692 N45794 N16292 N59704 N35022 N9120 N44396 N32312 N56922 N13893 N49840 N47020 N40493 N40493 N42435 N54827 N42726 N61388 N16715 N24298 N24231 N29276 N60184 N23883 N30091 N54842 N34323 N23202 N9682 N56707 N21316 N10960 N33096 N20547 N63779 N28088 N9900 N43095 N55556 N51089 N5270 N24578 N17161 N14761 N39414 N47277 N55497 N2018 N12254 N50 N28123 N18870 N32004 N54536	N41020-0 N7319-0 N52122-1 N62360-0
59385	U4791	11/13/2019 2:57:26 PM	N9226 N5978 N54625 N13374 N56575 N33096 N26682 N36477 N22976 N32004 N24428 N4247	N25040-0 N6873-0 N38215-0 N62894-0 N21712-0 N48410-0 N27198-0 N43628-0 N39073-0 N21420-0 N26233-0 N37437-0 N8509-0 N55976-0 N56214-0 N976-0 N20576-0 N7121-0 N59168-0 N51287-0 N50288-0 N61027-0 N62358-0 N54291-0 N35273-0 N42670-0 N63106-0 N51048-0 N49483-0 N55281-0 N34048-0 N13907-0 N6787-0 N27869-0 N64632-0 N41612-0 N43386-0 N22417-0 N42457-0 N17117-0 N36221-0 N4642-0 N44453-0 N17586-0 N36261-0 N14846-0 N8559-0 N32798-0 N36016-0 N14029-0 N47231-0 N49956-1 N4510-0 N17759-0 N40602-0 N47061-0 N33831-0
151519	U16539	11/13/2019 11:55:01 AM	N55189 N16715 N31801 N8148 N64273 N10152	N51048-0 N47748-1
68138	U2719	11/14/2019 12:31:42 PM	N30344 N52365 N61313 N11101 N49387 N17698 N5978 N15159 N912 N18342 N42139 N18341 N18870 N29750 N46846	N62318-0 N25165-0 N6837-0 N41387-0 N45523-0 N29212-0 N19661-0 N6578-0 N44698-0 N35815-0 N38779-0 N20270-0 N18529-0 N20526-0 N23446-0 N50872-0 N36226-0 N53515-0 N34185-0 N6477-1 N3243-0 N1539-0 N10960-0
55820	U71500	11/10/2019 3:14:19 PM	N24902 N58998 N46520 N57491 N15650 N16951 N14580 N44171 N25933 N39511 N889 N43142 N27526 N8763 N56301 N52433 N3491	N49685-0 N55186-0 N23085-0 N15224-1 N29341-0 N59390-0 N36681-0 N41220-0 N61022-0 N15952-0 N48657-0 N64513-0 N38155-0 N10613-0 N23184-0 N61145-0 N10386-0 N5423-0 N37533-0 N57651-0
98114	U44561	11/13/2019 4:28:28 AM	N50155 N16290 N44361 N56109 N59704 N42610 N13569 N8258 N4607 N58224 N40117 N10359 N55558 N10359	N21925-0 N37905-0 N12731-0 N30920-0 N36184-0 N42977-0 N51954-0 N61023-0 N29822-0 N6857-0 N48063-0 N13579-0 N20915-0 N52723-0 N59272-0 N41172-0 N14592-0 N64734-0 N22230-0 N38159-0 N60992-0 N35170-0 N4754-0 N47817-0 N1289-0 N62128-0 N18887-0 N35233-1 N28213-0 N17059-0 N33885-0 N36659-0 N47061-0 N45266-0
119625	U58279	11/13/2019 6:50:16 PM	N37720 N38939 N60346 N62006 N7771 N55064	N51048-0 N14029-0 N4642-1 N48705-0 N42457-0 N36261-0 N51287-0 N4404-0 N21420-0 N56214-0 N37437-0
2199	U19205	11/13/2019 5:23:34 AM	N62659 N51696 N57812 N20214 N51184 N57005	N47061-0 N20811-0 N32118-0 N59272-0 N37905-0 N4598-0 N38159-0 N19318-1 N42977-0 N3285-0 N20554-0 N47817-0 N28213-0 N13579-0 N60992-0 N35170-0 N29468-0 N1680-0 N20076-0 N64734-0 N58114-0 N18377-0 N13105-0 N62128-0 N26376-0 N35738-0 N19592-0 N5688-0 N20915-0 N22230-0 N14592-0 N35047-0 N48063-0 N34876-0 N26262-0 N12714-0 N19903-0
30112	U73592	11/11/2019 10:09:55 AM	N27103 N18005 N10059 N3046 N1746 N34685 N51076 N20145 N59387 N46082 N44399 N58580 N36511 N12349 N47173 N14761 N47277 N50 N14417 N45663 N64273 N46811 N7535 N35671 N44737	N55689-0 N21707-0 N63550-0 N52622-0 N59981-0 N53585-0 N35729-1
84638	U13585	11/11/2019 7:27:25 AM	N44018 N45746 N60615 N29177 N39750 N22206 N34909 N14662 N47069 N7574 N45941 N27416 N39378 N45648 N17770 N4209 N48582 N10865 N34694 N21686 N2858 N55779 N42760 N56466 N49387 N43903 N60120 N22529 N54625 N47798 N58580 N26000 N54469 N22581 N55497 N59171 N19495 N12398 N21020	N62570-0 N27581-0 N48759-0 N53017-0 N40495-0 N15830-0 N24686-0 N57090-0 N35388-0 N43309-0 N13801-0 N1920-0 N5827-1 N11830-0 N33848-0 N54038-1 N42961-0 N56227-0 N5783-0 N61145-0 N29840-0 N61623-0 N50791-0 N26159-0 N55689-0 N61229-0 N63538-0 N3541-0 N45076-0 N35854-0 N58183-0 N62599-0 N61214-0 N26130-0 N50469-0 N29001-0 N40065-0 N3506-0 N25414-0 N53318-0 N18870-0 N4663-0 N32437-0 N23254-1 N6926-0 N23107-0 N35921-0 N27473-0 N35738-0 N18340-0 N60162-1 N47401-0 N56193-0 N9158-0 N41128-0 N47981-0 N45462-0 N35937-0 N32144-0 N53343-0 N54868-0 N195-0 N22664-0 N4912-0 N5370-0 N35729-0 N65236-0
131380	U39366	11/12/2019 10:05:54 AM	N39074 N35009 N2203 N16695 N27612 N15034 N63266 N64032 N60033 N6152 N58518 N5978 N9533 N9803 N2599 N62479 N58264 N51777 N44827 N10679 N61342 N23105 N42528 N38105 N62058 N40442	N58363-1 N63970-0
96336	U24478	11/9/2019 4:48:35 PM	N61864 N60615 N55189 N20145 N44547 N8422 N62746 N31801 N1841 N35710 N42620 N50839	N53017-0 N23548-0 N53373-0 N27525-0 N60374-0 N6658-0 N39115-0 N43595-0 N47020-0 N732-0 N5442-0 N21377-0 N50302-0 N26721-0 N59852-0 N8929-0 N48958-0 N3930-0 N51398-0 N1034-1 N45211-0 N18870-0
36742	U88886	11/14/2019 6:48:20 PM	N26619 N18656 N53846	N36689-0 N34668-0 N19520-0 N56777-0 N46283-0 N19661-1 N35773-0
47280	U54019	11/9/2019 8:04:31 AM	N9304 N61826 N18047 N1570 N24823 N59506 N19152 N8053 N26752 N2186 N35178 N12892 N15744 N35606 N35069 N27109 N41460 N48497 N54827 N51734 N16715 N39969 N64467 N52057 N2937 N14385 N37394 N4607 N63685 N39979	N27845-0 N25764-0 N5889-0 N5442-0 N39115-0 N16209-0 N52000-0 N41178-0 N5957-0 N58051-0 N3930-0 N60374-0 N18870-0 N732-0 N24272-1
136521	U20117	11/12/2019 10:17:34 AM	N700 N51677 N45286 N9808 N36346 N44510 N56734 N57537 N33386 N24215 N13669 N18777 N63906 N36759 N10591 N32089 N24187 N12367 N55141 N44442 N62481 N60340 N13937 N5486 N51385 N29841 N11332 N30967 N43374 N63889 N22323 N9973 N245 N2618 N22581 N30817 N43009 N32008 N61568 N16484 N7354 N52948 N55687 N18534 N22398 N49475 N20114 N9660 N5418 N53907 N33024 N16308 N10152 N38687 N64273 N25712 N44077 N28257 N16682	N1705-0 N16166-0 N11856-0 N57426-0 N17069-0 N51990-0 N26376-0 N32544-0 N62563-0 N16635-0 N43587-0 N17168-0 N39054-0 N28414-0 N25722-0 N3344-0 N7927-0 N23008-0 N45016-0 N29536-0 N44330-0 N62360-0 N30088-0 N26703-0 N33619-0 N41354-0 N7319-0 N28585-0 N45389-0 N36050-0 N61397-0 N41020-0 N60445-0 N32691-0 N57535-0 N62386-0 N64228-0 N11138-0 N52180-0 N3179-1 N61497-0 N39317-1 N36789-0 N32010-0 N64734-0 N41627-0 N39537-0 N57814-0 N58499-0 N21036-0 N6008-0 N15240-0 N61408-0 N6099-0 N62402-0 N58363-0 N45551-0 N41309-0 N63154-0 N52294-0 N42634-0 N49180-0 N59761-0 N63970-0 N31947-0 N40839-0 N57319-0 N16096-0 N21-0 N27101-0 N14184-0 N23936-0 N24111-0 N9240-1 N15108-0 N44422-0 N32182-0 N56243-0 N54125-0 N60186-0 N39949-0 N36436-0 N57327-0 N51285-0 N34977-0
131600	U78029	11/11/2019 1:51:45 PM	N24215 N996 N20569 N38298 N36191 N23163 N9554 N4060 N14185 N39638 N56630 N32939 N46023 N5626 N45794 N54827 N45380 N250 N45093 N8569 N38585 N54586	N55204-0 N23414-0 N53585-1 N55689-0 N13930-0
73573	U93767	11/11/2019 6:24:36 AM	N26136 N10865 N29641 N23105 N27919 N26026 N7898 N22591 N27268 N1820 N42620 N55449	N33848-0 N56598-0 N47035-0 N48759-0 N6693-0 N5497-0 N9475-0 N35937-0 N27581-0 N4912-0 N62570-0 N43502-0 N56193-0 N27079-0 N18870-0 N57090-0 N53318-0 N50469-1 N61214-0 N35729-0 N63538-0
16349	U39275	11/12/2019 2:42:19 PM	N26191 N7201 N37977 N10629 N15253 N24187 N8654 N40127 N54827 N8240 N16715 N12167 N38923 N60184 N4985 N4359 N56012 N18587 N17482 N39376 N13797 N8517 N4661 N59451 N8855 N2678	N62386-0 N25406-0 N33831-0 N27289-0 N6056-0 N24423-0 N33123-0 N55606-0 N39317-0 N33689-0 N45551-0 N18708-0 N39269-0 N20678-0 N35239-0 N53587-0 N62172-0 N29468-0 N7121-0 N7419-0 N58114-0 N16463-0 N22339-0 N46607-0 N261-0 N45704-0 N35072-0 N25471-0 N61349-0 N23593-0 N26639-0 N44422-0 N63970-0 N33212-0 N9139-0 N26262-0 N33755-0 N43266-0 N30475-0 N61408-0 N17571-0 N43837-0 N64152-0 N59973-0 N57227-0 N41533-0 N12493-1 N3123-0 N63390-0 N39568-0 N1644-0 N3841-0 N34110-0 N36786-0 N61654-0 N59469-0 N49279-0 N28327-0 N14592-0 N18887-0 N62360-0 N5688-0 N25624-0 N4695-0 N46279-0 N21251-0 N34724-0 N38309-0 N16096-0 N41354-0 N30518-0 N3344-0 N33261-0 N36351-0 N22825-0 N16804-0 N33883-0 N9349-0 N47412-0 N54003-0 N44290-0 N36850-0 N32010-0 N13974-0 N5364-0 N31978-0 N61822-0 N58363-0 N103-0 N38512-0 N166-0 N28413-0 N14726-0 N19318-0 N58077-0 N55050-0 N30920-0 N36516-0 N2823-0 N49123-0 N34580-0 N60272-0 N40839-0 N64851-0 N53084-0
113575	U66839	11/13/2019 7:36:23 AM	N42989 N53387 N47558 N55312 N4304 N44251 N871 N53234 N4020 N50032 N58641 N995 N6023 N29523 N57931 N37915 N56630 N46023 N46392 N9120 N46513 N10897 N54827 N40716 N4593 N63229 N54625 N16715 N58090 N52536 N24591 N306 N13138 N42620 N18730 N64474 N29646 N25885 N55556 N62058 N8549 N15528 N22665 N9317 N37509 N18106 N56877	N59673-0 N51048-0 N62128-0 N34876-0 N47061-0 N45266-1 N287-0
46789	U10404	11/12/2019 4:22:03 PM	N21510 N23862 N54387 N11074 N29209 N61275 N17770 N11449 N6548 N49365 N54581 N62055 N61319 N8249 N46141 N33922 N52414 N37162 N56148 N29877 N45344 N50395 N25692 N12128 N8171 N64957 N64783 N57700 N43211 N41034 N64043 N24528 N1670 N16244 N30725 N5629	N45313-0 N3401-0 N2823-0 N64745-0 N33885-0 N13974-0 N40539-0 N11923-0 N48046-0 N12371-0 N4034-0 N31978-0 N19973-0 N23942-0 N38512-0 N28495-0 N34081-0 N30725-0 N25791-1 N9215-0 N20915-0
63226	U56798	11/12/2019 6:11:36 AM	N55846 N61826 N31983 N16233 N50032 N33969 N53052 N16292 N53531 N56753 N26176 N33170 N51089 N6616 N48925 N28091	N36789-0 N31947-0 N60105-0 N7319-0 N4985-0 N31978-0 N7927-0 N62395-0 N24207-0 N58003-0 N47578-0 N14184-0 N6926-0 N41020-1 N28910-0 N28188-0 N30088-0 N26262-0 N32544-0 N49180-0 N17106-0 N33619-0 N20041-0 N50675-0 N6056-0
61517	U10779	11/12/2019 8:21:48 PM	N39968 N10195 N55189 N29041 N58518 N54827 N55020 N43446 N5270 N25885 N42128 N14742	N22407-0 N6056-0 N62920-0 N59385-0 N261-0 N16096-0 N31668-0 N43083-0 N39317-0 N3344-0 N60932-0 N17059-0 N17031-0 N55050-0 N47412-0 N14592-0 N24157-0 N7821-0 N18406-0 N64745-0 N20678-0 N33885-0 N33261-0 N397-0 N26262-0 N15315-0 N6772-0 N27560-0 N62366-0 N40003-0 N3841-0 N31266-0 N3663-0 N7121-0 N44422-0 N50415-0 N7419-0 N4663-0 N4754-0 N33677-1 N52662-0 N5370-0 N48063-0 N43638-0 N46607-0 N55132-0 N58114-0 N16272-0 N49955-0 N6890-0 N19592-0 N18947-0 N45704-0 N62386-0 N12029-0 N29468-0 N54125-0 N34579-0 N33212-0 N41172-0 N58241-0 N42977-0 N27932-0 N29679-0 N22880-0 N10551-0
81681	U91664	11/11/2019 12:38:34 PM	N10 N13537 N2028 N22745 N51706 N32089 N45824 N31057 N56787 N16363 N21331 N6686 N51918 N51532 N25586 N245 N29641 N63779 N25831 N54308 N23618 N47581 N51992 N29757 N49536 N1037 N54980 N16855 N42942 N48243 N57351 N56834 N9103 N59024 N54287 N52342	N26376-1 N12028-0 N3697-0 N20240-0 N40725-0 N19542-0 N23414-0 N59343-0 N54482-0 N35776-0 N59436-0 N27486-0 N61623-1 N25366-0 N13520-0 N154-0 N63538-0 N63293-0 N30998-0 N43502-0 N8957-0 N52622-0 N21707-0 N59981-0 N61359-0 N51896-0 N29001-0 N53245-0 N63550-0 N42961-0 N20018-0 N6099-0 N15830-0
56349	U61522	11/13/2019 11:05:55 AM	N60608 N47069 N3500 N4893 N51706 N20121 N9155 N32585 N34369 N3817 N40791 N53382 N47671 N57582 N6622 N5183 N60184 N43144 N33086 N56240 N54225 N53275 N62102 N25630	N39010-1 N6651-0 N287-0 N56214-0 N48705-0 N14029-0
17680	U51286	11/10/2019 12:33:44 AM	N12098 N16363 N54889 N60340 N49048 N8834 N45794 N46392 N53531 N61114 N59704 N63837 N35022 N24809 N16384 N58860 N250 N7834 N54101 N8220 N58332 N42794 N23907 N34934 N20613 N7292 N30765 N13231 N36444 N20050 N17539 N20863 N48325 N7812 N36444 N30353 N42025 N5521 N37120 N20857 N35560 N51391 N5183 N11818 N59359 N45933 N10872 N39963 N1398 N12680 N21178 N57812 N62357 N26176 N25285 N3867 N52536 N61267 N52257 N46616 N55266 N619 N63180 N60605 N11523 N54225 N16030 N61249 N47173 N38580 N40201 N9248 N45080 N54842 N18450 N11855 N38924 N32991 N51089 N64474 N23196 N50020 N48356 N39777 N53422 N27526 N61355 N43189 N21460 N30990 N63855 N20525 N49475 N43846 N11415 N42128 N60985 N36271 N47557 N46353 N21258 N42137 N24471 N60212 N5960 N62672 N23433 N12844 N36476 N29341 N4824 N18341 N2741 N59198 N47472 N63062 N6007 N63034 N35369 N18132 N13753 N55714 N52555 N6269 N37509 N39462 N31172 N47458 N18069 N14114 N64829 N4917 N52796 N5615 N57726 N8148 N24023 N22816 N15676 N33981 N58006 N3491 N56227 N37377 N57005	N33981-0 N56227-0 N25867-1 N47020-0 N26278-0 N60186-0 N38783-0 N17965-0 N11830-1 N840-0 N37377-0 N26086-0 N12465-0 N39949-0 N55645-0 N17252-0 N53017-0 N6926-0 N57097-0 N64916-1 N28934-0 N8399-0 N51002-0 N17342-0 N37022-0 N16543-0 N65185-0 N35029-0 N15275-0 N22664-0 N3161-0 N23548-0 N34099-0 N52294-0 N29341-0 N37009-0 N25546-0 N25138-0 N26130-1 N34520-0 N58295-0 N39342-0 N1034-0 N23032-0 N59761-0 N11366-0 N5905-0 N15134-0 N3232-0 N36752-0 N39587-0
83802	U35994	11/14/2019 2:38:08 PM	N23912 N1150 N44251 N29177 N60350 N871 N25889 N30303 N12805 N18777 N33969 N57303 N15655 N1603 N30974 N29086 N2705 N55951 N59704 N11901 N10855 N58744 N13132 N45994 N48325 N31134 N42394 N44425 N6668 N13138 N38545 N48742 N16855 N11545 N20953 N32555 N2870	N47652-0 N6837-0 N48841-0 N35773-0 N59142-1 N51725-0 N57311-0 N59267-0 N50029-0 N62358-0 N61754-0 N8012-0 N61595-0 N8074-0 N37994-0 N45523-0 N64263-0 N4021-0 N9944-0 N28961-0 N13131-0 N38779-0 N706-0 N13729-0 N47612-0 N34185-0 N62750-0 N4485-0 N25165-0 N52424-0 N34601-0 N29212-0 N34600-0 N64095-0 N7494-0 N20394-0 N42515-0 N23089-0 N45428-0 N51133-0 N44145-0 N38869-0 N54752-0 N37142-0 N45734-0 N55275-0 N62894-0 N41934-0 N26811-0 N16439-0 N31679-0 N49872-0 N20793-0 N56142-0 N48022-0 N60799-0 N17986-0 N44453-0 N1180-0 N17031-0 N25605-0 N60592-1 N57032-0 N59586-0 N33828-0 N47906-0 N27343-0 N56211-0 N5009-1 N37338-0 N19661-0 N1228-0 N9047-0 N13056-0 N27737-0 N34869-0 N38697-0 N19050-0 N9621-0
126789	U47307	11/12/2019 5:37:00 AM	N29929 N47069 N50698 N55846 N65039 N12889 N10732 N27812 N27812 N4922 N62105 N13180 N62451 N10575 N55189 N5672 N10078 N61471 N20335 N11767 N3567 N10235 N872 N871 N64408 N19620 N60350 N28296 N20039 N44399 N50292 N44399 N8422 N3926 N33969 N40467 N55326 N24691 N39627 N8831 N41840 N34172 N33276 N56778 N6156 N25097 N20483 N31906 N39638 N43369 N3817 N35920 N60340 N5310 N47090 N57551 N17990 N60340 N5663 N36792 N51299 N5663 N30512 N16292 N49699 N61388 N11727 N19823 N52883 N14947 N7951 N7335 N63411 N47404 N10843 N29395 N16715 N53883 N26509 N24870 N55743 N25158 N39520 N7889 N31801 N49134 N6285 N30110 N619 N54842 N14966 N43348 N40201 N30160 N306 N13895 N41797 N2283 N29276 N52420 N28349 N23264 N39990 N7132 N62714 N52500 N33096 N15765 N38197 N6506 N5325 N49364 N28088 N4572 N50837 N52840 N21259 N61661 N35710 N55497 N14385 N42620 N9056 N32991 N15476 N9056 N51464 N23106 N48356 N37748 N49972 N29420 N31020 N2018 N9360 N22036 N12254 N18870 N60487 N9056 N50 N47686 N26165 N46795 N60702 N4607 N14349 N12732 N23431 N44867 N8148 N64273 N35671 N5791 N36615 N28614 N21342 N44737 N37377 N36424 N38783	N50675-0 N49180-1 N41020-0 N33619-0 N32544-0 N14184-0 N7319-0
39558	U37404	11/9/2019 4:39:15 AM	N41618 N33331 N10340 N21120 N13008 N374 N13304 N61275 N53879 N13823 N326 N38865 N28822 N51712 N43524 N45028 N54772 N53973 N32463 N27493 N46181 N4770 N37630 N15630 N44472 N47679 N29916 N45432 N57896 N54756 N56899 N58740 N31214 N37191 N65112 N4155 N8258 N5145 N48067 N28735 N1653 N11866 N33519 N43833 N54995 N42781 N58224 N12549 N31172 N11545 N36424 N3491	N47267-0 N10427-0 N14430-0 N53343-0 N54634-0 N58574-0 N13990-0 N42948-0 N36086-0 N41617-0 N46057-0 N6926-0 N45543-0 N15422-0 N39489-0 N10350-0 N41178-0 N41881-1 N5827-0 N5780-0 N54890-0 N47889-0 N2125-0 N35593-0 N29840-0 N38831-0 N17457-0 N44805-0 N32780-0 N15119-0 N28091-0 N43492-0 N4672-0 N29156-0 N4273-0 N60374-0 N41606-0 N30067-0 N32490-0 N22814-0 N47691-0 N47406-0 N59653-0 N56227-0 N59805-0 N349-0 N23269-0 N22430-0 N2348-0 N42336-0 N27845-0 N60194-0 N23107-0 N51976-0 N46597-0 N50595-0 N17913-0 N51223-0 N18708-0 N29017-0 N37022-0 N5135-0 N49578-0 N41615-0 N25502-0 N37250-0 N24933-0 N62391-0 N15134-0 N20824-0 N62853-0 N52656-0 N58075-0 N43046-0 N37108-0 N1026-0 N30108-0 N25437-0 N49879-0 N39637-0 N24475-0
95190	U3188	11/12/2019 6:21:18 AM	N5978 N14417	N22457-0 N27245-0 N28188-0 N33619-0 N7927-0 N50688-0 N19318-0 N4985-0 N25722-0 N64748-0 N31947-0 N47578-0 N60105-0 N31978-0 N49180-0 N63154-0 N58363-0 N50314-0 N31504-0 N50675-0 N32806-0 N43519-0 N41020-0 N36789-0 N30475-0 N16549-0 N16166-0 N14184-0 N32544-0 N6099-0 N36826-0 N62395-0 N34110-0 N58003-1 N64117-0 N40565-0
108698	U53720	11/12/2019 5:58:22 AM	N13008 N16233 N871 N39647 N12353 N7403 N62084 N44361 N17102 N16715 N18714 N33086 N33389 N55556 N42677 N26364	N31978-0 N14184-0 N60105-0 N63154-0 N41020-0 N62395-0 N31947-0 N55631-0 N4985-0 N33619-0 N7319-0 N32544-0 N23129-0 N50675-0 N28413-1
72452	U74515	11/9/2019 1:19:27 PM	N29499 N37083 N60615 N26501 N50035 N30344 N31673 N55846 N15771 N39421 N52946 N21383 N27448 N26642 N28467 N53234 N5056 N62342 N41089 N10235 N19615 N50032 N46920 N64225 N29249 N12367 N49699 N61388 N16715 N14801 N29395 N13231 N55743 N11005 N16030 N31402 N63709 N30160 N52227 N4054 N42620 N60611 N6419 N20848 N5283 N55024 N52515 N43436 N26592 N58977 N46966 N22270 N14761 N49289 N53049 N34409 N46818 N31064 N46301 N13429 N3433 N51457 N3091 N43189	N59852-0 N41881-0 N52000-0 N27845-0 N732-0 N24272-0 N5442-0 N43595-0 N39115-0 N47020-0 N3930-0 N22816-0 N50302-0 N60374-0 N16209-0 N51398-0 N18870-0 N58051-0 N37088-0 N41178-1
102612	U93436	11/11/2019 11:34:30 AM	N36530 N8258 N37897	N55689-0 N53585-1
139206	U50830	11/11/2019 4:27:41 AM	N2203 N40628 N33222 N49914 N57801 N16715 N49597 N36671	N31273-0 N47229-0 N18340-0 N33848-0 N7313-0 N50469-0 N35937-0 N6399-0 N29001-0 N15855-0 N27581-0 N26286-0 N15830-0 N61623-0 N51169-0 N48759-0 N49685-0 N13341-0 N62570-0 N62729-1 N60162-0 N56193-0 N31763-0 N12042-0 N56598-0 N26159-0 N20729-0 N35388-0 N18870-0 N1914-0 N46972-0 N30188-0 N4912-0 N13486-0 N35729-0
136172	U84700	11/12/2019 4:22:35 PM	N40910 N14734 N6690 N26050 N64218 N37706 N42946 N60978 N57888 N33485 N35765 N48259 N50564 N47120 N16631 N3062 N1670 N44912 N52337 N48234 N32934	N32157-0 N55281-0 N34977-0 N9215-1 N10333-0 N33885-1 N35850-0 N64152-0 N58077-0 N20915-0 N57229-0 N30725-0 N48046-0 N2823-0 N28495-0 N5146-0 N12731-0 N25791-0 N962-0 N27826-0 N34110-0 N26909-0 N22191-0 N38960-0 N29952-0 N4034-0 N21710-0 N11923-0 N12371-0 N3401-0 N57132-0 N32118-0 N41354-0 N23556-0 N38512-0 N49200-0 N58241-0 N17081-0 N34081-0 N31978-0 N56495-0 N36184-0 N2169-0 N23547-0 N19924-0 N64851-0 N22417-0 N30089-0
110516	U8044	11/13/2019 8:28:59 AM	N37327 N42308 N16233 N15034 N36699 N17799 N19001 N37811 N7376 N28550 N40692 N21316 N23804 N30028 N23804 N921 N4474 N50020 N6616 N36575 N18171 N12254 N16902	N31448-0 N59088-0 N13907-0 N34876-0 N60992-0 N14523-0 N41122-1 N42143-0 N25324-0 N51048-0 N287-0 N14592-0 N19444-0 N47061-0 N33-0 N59673-0 N63656-0 N53848-0 N43386-0 N62894-0 N62128-0 N64734-0 N36659-0 N19592-0 N38159-0 N35170-0 N45266-0 N35233-0 N56227-0 N35047-0 N25444-0
17442	U40508	11/14/2019 1:04:40 PM	N29522 N25793 N30110 N38701 N60919 N40070 N52396 N47916 N26463 N3388 N23202 N23718 N7132 N64948 N6506 N58977 N61661 N44702 N47127 N55556 N27526 N19495 N1219 N11415 N6616 N22260 N55497 N49990 N50 N46811 N16043 N10231 N55558	N43102-0 N18529-0 N34185-0 N46452-0 N41285-0 N23814-0 N51489-0 N37338-1 N36612-0 N45509-0 N53515-0 N51552-0 N11542-0 N8074-0 N56777-0 N48410-0 N42660-0 N19661-0 N60550-1 N62318-0 N16419-0 N46283-0 N64305-0 N12682-0 N9944-0 N6926-0 N42698-0 N23081-0 N38779-0 N27063-1 N34672-0 N26352-0 N63135-0 N4021-0 N29212-0 N39461-0 N50058-0 N23028-0 N6477-0 N36016-0 N28281-0 N39446-0 N25165-0 N52424-0 N20811-0 N18978-0 N44698-0 N55275-0 N1539-0 N28152-0 N6837-0 N7272-0 N59088-0 N24109-0 N31041-0 N38697-0 N47346-0 N13981-0 N45428-0 N10616-0 N16148-0 N41387-0 N42860-0 N9621-0 N47576-0 N64412-0 N24951-0 N62750-0 N26262-0 N37994-0 N44145-0 N47572-0 N41172-0 N45523-0 N31769-0 N58814-0 N47570-0 N16931-0 N42515-0 N9047-1 N21077-0 N61922-0 N36226-0 N1999-0 N54348-0 N23481-0 N56711-0 N40468-0 N39204-0 N8595-0 N41432-0 N28248-0 N496-0 N54491-0 N17115-1 N23446-0 N18995-0 N50601-0 N11940-0 N61483-0 N48707-0 N42868-0 N6390-0 N64543-1 N50404-0 N58264-0 N29715-0 N59214-0 N61296-0 N31679-0 N59138-0 N43143-0 N35738-0 N3865-0 N38404-0 N21128-0 N50872-0 N39015-0 N62894-0 N57311-0 N59462-0 N39683-0
65358	U71484	11/11/2019 8:58:26 AM	N54793 N59496 N27721 N50454 N5462 N38943 N15317 N228 N19479 N228 N62703 N51163 N4069 N10897 N61388 N14956 N12349 N37890 N39969 N11745 N55658 N23105 N55514 N27919 N60895 N11327 N5902 N10559 N37890 N53834 N40640 N47996 N55910 N51058 N13138 N38256 N59790 N6419 N60212 N33163 N14742 N41218 N60923 N44278 N10470 N64660 N11484 N8270 N40171 N61880 N35671 N36455	N46597-0 N12800-0 N40530-0 N18378-0 N40171-0 N12028-0 N52787-0 N18708-0 N45616-0 N19735-0 N64734-0 N43338-0 N17140-0 N59576-0 N59981-0 N35737-0 N36424-1 N7809-0 N61623-0 N60736-0 N1914-0
82904	U78929	11/12/2019 4:39:33 PM	N32643 N55189 N39293 N25180 N6264 N51089 N8258 N57005 N61880	N46607-0 N33261-0 N23081-0 N62386-0 N33885-0 N42977-0 N6890-0 N45704-0 N13073-1 N20678-0 N59407-0 N39317-0 N27560-0 N13981-0 N19092-0 N44422-0 N33212-0 N14726-0 N6975-0 N17059-0 N20495-0 N16096-0 N3344-0
110526	U69476	11/9/2019 9:38:00 AM	N11071 N34004 N15655 N46527 N28500 N47671 N53531 N54827 N45690 N58090 N712 N6466 N60605 N10843 N42620 N601 N31816	N5889-0 N43001-0 N3930-0 N5442-0 N24272-0 N60374-0 N43595-1 N39394-0 N51398-0 N41178-0 N41881-0 N59852-0 N1914-0 N58075-0 N27845-0 N18870-0 N5957-0 N52000-0 N58051-0 N732-0 N39115-0
